{"graph": {"_type": "graph-file", "sha256": "637441ec737ef651e74663c91b2b200f65c858dd73a9e3316a4871c5abeacea8", "size": 1886, "path": "media/graph/graph_summary_637441ec737ef651e746.graph.json"}, "epoch": 26, "_timestamp": 1686121350.1839166, "loss": 0.018763305619359016, "mae": 0.018763305619359016, "root_mean_squared_error": 0.03949815034866333, "val_loss": 0.007157998159527779, "val_mae": 0.007157998159527779, "val_root_mean_squared_error": 0.014427831396460533, "_runtime": 244.09146165847778, "_step": 26, "best_val_loss": 0.005126952659338713, "best_epoch": 25, "_wandb": {"runtime": 246}}