{"graph": {"_type": "graph-file", "sha256": "7918f6d7287f84e73c17a0bc44b7543a5a12751cfaa9716e0cf244c29dad058b", "size": 1776, "path": "media/graph/graph_summary_7918f6d7287f84e73c17.graph.json"}, "epoch": 31, "_timestamp": 1685431822.3006139, "loss": 0.7836124300956726, "mae": 0.7836124300956726, "root_mean_squared_error": 0.8503461480140686, "val_loss": 0.7930802702903748, "val_mae": 0.7930802702903748, "val_root_mean_squared_error": 0.8544890284538269, "_runtime": 181.102068901062, "_step": 31, "best_val_loss": 0.226572647690773, "best_epoch": 0, "_wandb": {"runtime": 181}}