{"graph": {"_type": "graph-file", "sha256": "7918f6d7287f84e73c17a0bc44b7543a5a12751cfaa9716e0cf244c29dad058b", "size": 1776, "path": "media/graph/graph_summary_7918f6d7287f84e73c17.graph.json"}, "epoch": 99, "_timestamp": 1685435996.5991988, "loss": 0.00753332395106554, "mae": 0.00753332395106554, "root_mean_squared_error": 0.018905816599726677, "val_loss": 0.0035098446533083916, "val_mae": 0.0035098446533083916, "val_root_mean_squared_error": 0.006218355149030685, "_runtime": 450.96781373023987, "_step": 99, "best_val_loss": 0.0022617208305746317, "best_epoch": 7, "_wandb": {"runtime": 664}}