{"graph": {"_type": "graph-file", "sha256": "7918f6d7287f84e73c17a0bc44b7543a5a12751cfaa9716e0cf244c29dad058b", "size": 1776, "path": "media/graph/graph_summary_7918f6d7287f84e73c17.graph.json"}, "epoch": 52, "_timestamp": 1685435409.8761759, "loss": 424.6302795410156, "mae": 424.6302795410156, "root_mean_squared_error": 521.269775390625, "val_loss": 197.17684936523438, "val_mae": 197.17684936523438, "val_root_mean_squared_error": 248.23536682128906, "_runtime": 202.47955894470215, "_step": 52, "best_val_loss": 12.065479278564453, "best_epoch": 2, "_wandb": {"runtime": 205}}