{"graph": {"_type": "graph-file", "sha256": "e22beea659d79616651418123a0081b0a90e5acbe590225f1130b806816aa417", "size": 1777, "path": "media/graph/graph_summary_e22beea659d796166514.graph.json"}, "epoch": 99, "_timestamp": 1685437929.1526139, "loss": 0.007117081433534622, "mae": 0.007117081433534622, "root_mean_squared_error": 0.017661768943071365, "val_loss": 0.0027795599307864904, "val_mae": 0.0027795599307864904, "val_root_mean_squared_error": 0.005692071281373501, "_runtime": 486.4527518749237, "_step": 99, "best_val_loss": 0.00229736533947289, "best_epoch": 88, "_wandb": {"runtime": 489}}