{"graph": {"_type": "graph-file", "sha256": "a511e260f9fc61342e293e37e0fc5f6e50c984cfe895df40ebdd78c2a2905acc", "size": 1811, "path": "media/graph/graph_summary_a511e260f9fc61342e29.graph.json"}, "epoch": 99, "_timestamp": 1668438991.444661, "loss": 0.014207101427018642, "mae": 0.010893195867538452, "root_mean_squared_error": 0.023379864171147346, "val_loss": 0.0070849834010005, "val_mae": 0.0037777984980493784, "val_root_mean_squared_error": 0.008746623061597347, "_runtime": 499.61633491516113, "_step": 99, "best_val_loss": 0.006598555948585272, "best_epoch": 96, "_wandb": {"runtime": 503}}