{"graph": {"_type": "graph-file", "sha256": "7918f6d7287f84e73c17a0bc44b7543a5a12751cfaa9716e0cf244c29dad058b", "size": 1776, "path": "media/graph/graph_summary_7918f6d7287f84e73c17.graph.json"}, "epoch": 0, "_timestamp": 1685429638.182181, "loss": 0.02630632556974888, "mae": 0.02630632556974888, "root_mean_squared_error": 0.05419652909040451, "val_loss": 0.005602922290563583, "val_mae": 0.005602922290563583, "val_root_mean_squared_error": 0.013425393961369991, "_runtime": 13.915780782699585, "_step": 0, "best_val_loss": 0.005602922290563583, "best_epoch": 0, "_wandb": {"runtime": 13}}