{"graph": {"_type": "graph-file", "sha256": "7918f6d7287f84e73c17a0bc44b7543a5a12751cfaa9716e0cf244c29dad058b", "size": 1776, "path": "media/graph/graph_summary_7918f6d7287f84e73c17.graph.json"}, "epoch": 99, "_timestamp": 1685418998.2667496, "loss": 0.0076101962476968765, "mae": 0.0076101962476968765, "root_mean_squared_error": 0.015888048335909843, "val_loss": 0.0032188263721764088, "val_mae": 0.0032188263721764088, "val_root_mean_squared_error": 0.018253251910209656, "_runtime": 518.9418206214905, "_step": 99, "best_val_loss": 0.0027039393316954374, "best_epoch": 16, "_wandb": {"runtime": 531}}