{"graph": {"_type": "graph-file", "sha256": "5420e36da2e70b46b5741114730d16bb893b0ddc5a971bc8726e4c2d7a31b27f", "size": 1683, "path": "media/graph/graph_summary_5420e36da2e70b46b574.graph.json"}, "epoch": 99, "_timestamp": 1686119802.488616, "loss": 0.011786616407334805, "mae": 0.011786616407334805, "root_mean_squared_error": 0.023659832775592804, "val_loss": 0.0030449694022536278, "val_mae": 0.0030449694022536278, "val_root_mean_squared_error": 0.017553390935063362, "_runtime": 674.3458650112152, "_step": 99, "best_val_loss": 0.0026983178686350584, "best_epoch": 48, "_wandb": {"runtime": 678}}