{"graph": {"_type": "graph-file", "sha256": "e355937d6917e27b869754a04c170a6615c87c95b23e2a6c96088528995b0662", "size": 1769, "path": "media/graph/graph_summary_e355937d6917e27b8697.graph.json"}, "epoch": 45, "_timestamp": 1685437178.2896173, "loss": 0.008747121319174767, "mae": 0.008747121319174767, "root_mean_squared_error": 0.02117324434220791, "val_loss": 0.0027248533442616463, "val_mae": 0.0027248533442616463, "val_root_mean_squared_error": 0.00546277454122901, "_runtime": 230.99253129959106, "_step": 45, "best_val_loss": 0.002297481521964073, "best_epoch": 21, "_wandb": {"runtime": 233}}