{"graph": {"_type": "graph-file", "sha256": "7918f6d7287f84e73c17a0bc44b7543a5a12751cfaa9716e0cf244c29dad058b", "size": 1776, "path": "media/graph/graph_summary_7918f6d7287f84e73c17.graph.json"}, "epoch": 0, "_timestamp": 1685418444.1793566, "loss": 0.03442279249429703, "mae": 0.03442279249429703, "root_mean_squared_error": 0.07121964544057846, "val_loss": 0.011852756142616272, "val_mae": 0.011852756142616272, "val_root_mean_squared_error": 0.023001091554760933, "_runtime": 19.00922966003418, "_step": 0, "best_val_loss": 0.011852756142616272, "best_epoch": 0, "_wandb": {"runtime": 18}}