{"graph": {"_type": "graph-file", "sha256": "7918f6d7287f84e73c17a0bc44b7543a5a12751cfaa9716e0cf244c29dad058b", "size": 1776, "path": "media/graph/graph_summary_7918f6d7287f84e73c17.graph.json"}, "epoch": 99, "_timestamp": 1685424918.9106443, "loss": 0.00753428228199482, "mae": 0.00753428228199482, "root_mean_squared_error": 0.01840442232787609, "val_loss": 0.003784558270126581, "val_mae": 0.003784558270126581, "val_root_mean_squared_error": 0.007043472025543451, "_runtime": 504.5612163543701, "_step": 99, "best_val_loss": 0.0022857971489429474, "best_epoch": 71, "_wandb": {"runtime": 511}}