{"graph": {"_type": "graph-file", "sha256": "7918f6d7287f84e73c17a0bc44b7543a5a12751cfaa9716e0cf244c29dad058b", "size": 1776, "path": "media/graph/graph_summary_7918f6d7287f84e73c17.graph.json"}, "epoch": 34, "_timestamp": 1685425303.269041, "loss": 0.008211451582610607, "mae": 0.008211451582610607, "root_mean_squared_error": 0.019489414989948273, "val_loss": 0.002254385268315673, "val_mae": 0.002254385268315673, "val_root_mean_squared_error": 0.00435384176671505, "_runtime": 176.89597296714783, "_step": 34, "best_val_loss": 0.002254385268315673, "best_epoch": 34, "_wandb": {"runtime": 177}}