{"graph": {"_type": "graph-file", "sha256": "7918f6d7287f84e73c17a0bc44b7543a5a12751cfaa9716e0cf244c29dad058b", "size": 1776, "path": "media/graph/graph_summary_7918f6d7287f84e73c17.graph.json"}, "epoch": 0, "_timestamp": 1685421885.2498014, "loss": 0.03276568651199341, "mae": 0.03276568651199341, "root_mean_squared_error": 0.0724184662103653, "val_loss": 0.018010010942816734, "val_mae": 0.018010010942816734, "val_root_mean_squared_error": 0.02275027334690094, "_runtime": 149.89268851280212, "_step": 0, "best_val_loss": 0.018010010942816734, "best_epoch": 0}